Models,Train_Score,Test_Score,AIC,Mean_Absolute_Error,Root_Mean_Squared_Error,Mean_Absolute_Percentage_Error
Ridge Regression,0.1172377497202749,0.07219746322643283,4571.878533656581,131.9613626276459,313.7572948625462,23736.05819007396
Extra Tree Regression,1.0,0.9989967343544819,2387.8467577378524,2.2806896833855967,10.317489241746701,4.380942684511849
XGBoost Regression,0.9999998102891873,0.9957472879975802,2853.5750192735727,3.8135215936312052,21.242177847425403,12.795193878826645
Bagging Regression,0.9947479265499575,0.9900772435415935,3118.6613462876,5.963435485893416,32.447573157865634,6.285202520910224
